DATE,Income_group,Prop,total_year,Trait,position
2005,HIC,1,1,All traits,All
2006,HIC,0.991666666666667,3,All traits,All
2006,UMIC,0.00833333333333333,3,All traits,All
2007,HIC,0.993317946462331,55,All traits,All
2007,LIC,0.000367309458218549,55,All traits,All
2007,UMIC,0.00631474407944996,55,All traits,All
2008,HIC,0.991587674062034,71,All traits,All
2008,UMIC,0.00841232593796652,71,All traits,All
2009,HIC,0.937699397468089,102,All traits,All
2009,LIC,0.00187605906560155,102,All traits,All
2009,LMIC,0.00272331154684096,102,All traits,All
2009,UMIC,0.057701231919469,102,All traits,All
2010,HIC,0.933057699277791,155,All traits,All
2010,LIC,0.0001743679163034,155,All traits,All
2010,UMIC,0.066767932805906,155,All traits,All
2011,HIC,0.900600246868213,188,All traits,All
2011,LIC,8.57927247769389e-05,188,All traits,All
2011,LMIC,0.00380840304783742,188,All traits,All
2011,UMIC,0.0955055573591726,188,All traits,All
2012,HIC,0.88216405331485,179,All traits,All
2012,LIC,0.00130353817504656,179,All traits,All
2012,LMIC,0.0130501239154468,179,All traits,All
2012,UMIC,0.103482284594657,179,All traits,All
2013,HIC,0.889428149273002,184,All traits,All
2013,LIC,0.0014386189258312,184,All traits,All
2013,LMIC,0.00855626217878456,184,All traits,All
2013,UMIC,0.100576969622382,184,All traits,All
2014,HIC,0.873132985751753,149,All traits,All
2014,LMIC,0.00884835124742865,149,All traits,All
2014,UMIC,0.118018663000818,149,All traits,All
2015,HIC,0.89505927346781,156,All traits,All
2015,LMIC,0.00613954765906237,156,All traits,All
2015,UMIC,0.0988011788731276,156,All traits,All
2016,HIC,0.870735166596778,149,All traits,All
2016,LIC,0.00290935295129926,149,All traits,All
2016,LMIC,0.00111373281443251,149,All traits,All
2016,UMIC,0.12524174763749,149,All traits,All
2017,HIC,0.874107373052945,177,All traits,All
2017,LIC,0.00322166093459807,177,All traits,All
2017,LMIC,0.00536988121733885,177,All traits,All
2017,UMIC,0.117301084795118,177,All traits,All
2018,HIC,0.920693690353753,239,All traits,All
2018,LIC,0.0035069633941746,239,All traits,All
2018,LMIC,0.00253970942108989,239,All traits,All
2018,UMIC,0.0732596368309828,239,All traits,All
2019,HIC,0.898750871383258,188,All traits,All
2019,LMIC,0.0155838495773671,188,All traits,All
2019,UMIC,0.0856652790393751,188,All traits,All
2020,HIC,0.804248967373736,105,All traits,All
2020,LIC,0.00105820105820106,105,All traits,All
2020,LMIC,0.00813621341178109,105,All traits,All
2020,UMIC,0.186556618156281,105,All traits,All
2021,HIC,0.82805475488478,192,All traits,All
2021,LIC,0.00123556998556999,192,All traits,All
2021,LMIC,0.0120847089590746,192,All traits,All
2021,UMIC,0.158624966170575,192,All traits,All
2005,HIC,1,1,All traits,First
2006,HIC,0.833333333333333,3,All traits,First
2006,UMIC,0.166666666666667,3,All traits,First
2007,HIC,0.998787878787879,55,All traits,First
2007,UMIC,0.00121212121212121,55,All traits,First
2008,HIC,1,71,All traits,First
2009,HIC,0.950163398692811,102,All traits,First
2009,LIC,0.00326797385620915,102,All traits,First
2009,UMIC,0.0465686274509804,102,All traits,First
2010,HIC,0.946390168970814,155,All traits,First
2010,UMIC,0.0536098310291859,155,All traits,First
2011,HIC,0.911896318811212,188,All traits,First
2011,LMIC,0.00147754137115839,188,All traits,First
2011,UMIC,0.0866261398176292,188,All traits,First
2012,HIC,0.885893854748603,179,All traits,First
2012,LIC,0.00186219739292365,179,All traits,First
2012,LMIC,0.0111731843575419,179,All traits,First
2012,UMIC,0.101070763500931,179,All traits,First
2013,HIC,0.910099637681159,184,All traits,First
2013,LMIC,0.00634057971014493,184,All traits,First
2013,UMIC,0.0835597826086957,184,All traits,First
2014,HIC,0.868008948545861,149,All traits,First
2014,LMIC,0.0100671140939597,149,All traits,First
2014,UMIC,0.121923937360179,149,All traits,First
2015,HIC,0.911935286935287,156,All traits,First
2015,LMIC,0.000457875457875458,156,All traits,First
2015,UMIC,0.0876068376068376,156,All traits,First
2016,HIC,0.871222290014236,149,All traits,First
2016,LIC,0.00167785234899329,149,All traits,First
2016,UMIC,0.12709985763677,149,All traits,First
2017,HIC,0.886064030131827,177,All traits,First
2017,LIC,0.00141242937853107,177,All traits,First
2017,LMIC,0.00470809792843691,177,All traits,First
2017,UMIC,0.107815442561205,177,All traits,First
2018,HIC,0.92071129707113,239,All traits,First
2018,LIC,0.00209205020920502,239,All traits,First
2018,LMIC,0.000836820083682009,239,All traits,First
2018,UMIC,0.0763598326359833,239,All traits,First
2019,HIC,0.902925531914894,188,All traits,First
2019,LMIC,0.0106382978723404,188,All traits,First
2019,UMIC,0.086436170212766,188,All traits,First
2020,HIC,0.833465608465609,105,All traits,First
2020,UMIC,0.166534391534392,105,All traits,First
2021,HIC,0.833767361111111,192,All traits,First
2021,LMIC,0.0078125,192,All traits,First
2021,UMIC,0.158420138888889,192,All traits,First
2005,HIC,1,1,All traits,Senior
2006,HIC,1,3,All traits,Senior
2007,HIC,1,55,All traits,Senior
2008,HIC,1,71,All traits,Senior
2009,HIC,0.967320261437908,102,All traits,Senior
2009,UMIC,0.0326797385620915,102,All traits,Senior
2010,HIC,0.934408602150538,155,All traits,Senior
2010,UMIC,0.0655913978494624,155,All traits,Senior
2011,HIC,0.916629728132388,188,All traits,Senior
2011,LMIC,0.000147754137115839,188,All traits,Senior
2011,UMIC,0.0832225177304965,188,All traits,Senior
2012,HIC,0.900837988826816,179,All traits,Senior
2012,LMIC,0.0111731843575419,179,All traits,Senior
2012,UMIC,0.0879888268156425,179,All traits,Senior
2013,HIC,0.906476449275362,184,All traits,Senior
2013,LMIC,0.00543478260869565,184,All traits,Senior
2013,UMIC,0.088088768115942,184,All traits,Senior
2014,HIC,0.883389261744967,149,All traits,Senior
2014,LMIC,0.00838926174496644,149,All traits,Senior
2014,UMIC,0.108221476510067,149,All traits,Senior
2015,HIC,0.910790598290598,156,All traits,Senior
2015,UMIC,0.0892094017094017,156,All traits,Senior
2016,HIC,0.888031319910515,149,All traits,Senior
2016,LIC,0.00223713646532438,149,All traits,Senior
2016,LMIC,0.000279642058165548,149,All traits,Senior
2016,UMIC,0.109451901565996,149,All traits,Senior
2017,HIC,0.905131826741996,177,All traits,Senior
2017,LMIC,0.00329566854990584,177,All traits,Senior
2017,UMIC,0.0915725047080979,177,All traits,Senior
2018,HIC,0.922245467224547,239,All traits,Senior
2018,LIC,0.00418410041841004,239,All traits,Senior
2018,LMIC,0.00139470013947001,239,All traits,Senior
2018,UMIC,0.0721757322175732,239,All traits,Senior
2019,HIC,0.911043566362715,188,All traits,Senior
2019,LMIC,0.0106382978723404,188,All traits,Senior
2019,UMIC,0.0783181357649443,188,All traits,Senior
2020,HIC,0.820634920634921,105,All traits,Senior
2020,LMIC,0.00158730158730159,105,All traits,Senior
2020,UMIC,0.177777777777778,105,All traits,Senior
2021,HIC,0.861458333333333,192,All traits,Senior
2021,LMIC,0.00520833333333333,192,All traits,Senior
2021,UMIC,0.133333333333333,192,All traits,Senior
2007,HIC,0.976740620490621,8,CVD,All
2007,LIC,0.00252525252525253,8,CVD,All
2007,UMIC,0.020734126984127,8,CVD,All
2008,HIC,1,2,CVD,All
2009,HIC,0.917649878926755,18,CVD,All
2009,UMIC,0.0823501210732453,18,CVD,All
2010,HIC,0.981265244052968,23,CVD,All
2010,LIC,0.00117508813160987,23,CVD,All
2010,UMIC,0.0175596678154223,23,CVD,All
2011,HIC,0.907060645289986,39,CVD,All
2011,LMIC,0.00832870260114842,39,CVD,All
2011,UMIC,0.084610652108866,39,CVD,All
2012,HIC,0.816224921995512,27,CVD,All
2012,LMIC,0.000150557061126167,27,CVD,All
2012,UMIC,0.183624520943362,27,CVD,All
2013,HIC,0.844728911135161,32,CVD,All
2013,UMIC,0.155271088864839,32,CVD,All
2014,HIC,0.867314170651538,26,CVD,All
2014,LMIC,0.0192307692307692,26,CVD,All
2014,UMIC,0.113455060117693,26,CVD,All
2015,HIC,0.89011590824601,22,CVD,All
2015,LMIC,0.0313596496343903,22,CVD,All
2015,UMIC,0.0785244421196001,22,CVD,All
2016,HIC,0.881408227899456,33,CVD,All
2016,LMIC,0.00141093474426808,33,CVD,All
2016,UMIC,0.117180837356276,33,CVD,All
2017,HIC,0.85936723743884,35,CVD,All
2017,LIC,0.000361663652802893,35,CVD,All
2017,UMIC,0.140271098908357,35,CVD,All
2018,HIC,0.946593372909249,53,CVD,All
2018,LMIC,0.00037076996322151,53,CVD,All
2018,UMIC,0.05303585712753,53,CVD,All
2019,HIC,0.935508103008103,33,CVD,All
2019,UMIC,0.064491896991897,33,CVD,All
2020,HIC,0.916656592520954,20,CVD,All
2020,LMIC,0.022678916827853,20,CVD,All
2020,UMIC,0.0606644906511928,20,CVD,All
2021,HIC,0.81661058453356,49,CVD,All
2021,LIC,0.00466472303206997,49,CVD,All
2021,LMIC,0.02511660536677,49,CVD,All
2021,UMIC,0.108045177218976,49,CVD,All
2021,"",0.0455629098486241,49,CVD,All
2007,HIC,0.991666666666667,8,CVD,First
2007,UMIC,0.00833333333333333,8,CVD,First
2008,HIC,1,2,CVD,First
2009,HIC,0.944444444444444,18,CVD,First
2009,UMIC,0.0555555555555556,18,CVD,First
2010,HIC,1,23,CVD,First
2011,HIC,0.922364672364672,39,CVD,First
2011,LMIC,0.000712250712250712,39,CVD,First
2011,UMIC,0.0769230769230769,39,CVD,First
2012,HIC,0.814814814814815,27,CVD,First
2012,UMIC,0.185185185185185,27,CVD,First
2013,HIC,0.875,32,CVD,First
2013,UMIC,0.125,32,CVD,First
2014,HIC,0.865384615384615,26,CVD,First
2014,LMIC,0.0192307692307692,26,CVD,First
2014,UMIC,0.115384615384615,26,CVD,First
2015,HIC,0.951298701298701,22,CVD,First
2015,LMIC,0.00324675324675325,22,CVD,First
2015,UMIC,0.0454545454545455,22,CVD,First
2016,HIC,0.878787878787879,33,CVD,First
2016,UMIC,0.121212121212121,33,CVD,First
2017,HIC,0.857142857142857,35,CVD,First
2017,UMIC,0.142857142857143,35,CVD,First
2018,HIC,0.949056603773585,53,CVD,First
2018,LMIC,0.00377358490566038,53,CVD,First
2018,UMIC,0.0471698113207547,53,CVD,First
2019,HIC,0.909090909090909,33,CVD,First
2019,UMIC,0.0909090909090909,33,CVD,First
2020,HIC,0.95,20,CVD,First
2020,UMIC,0.05,20,CVD,First
2021,HIC,0.836734693877551,49,CVD,First
2021,LMIC,0.0204081632653061,49,CVD,First
2021,UMIC,0.102040816326531,49,CVD,First
2021,"",0.0408163265306122,49,CVD,First
2007,HIC,1,8,CVD,Senior
2008,HIC,1,2,CVD,Senior
2009,HIC,0.944444444444444,18,CVD,Senior
2009,UMIC,0.0555555555555556,18,CVD,Senior
2010,HIC,0.956521739130435,23,CVD,Senior
2010,UMIC,0.0434782608695652,23,CVD,Senior
2011,HIC,0.928774928774929,39,CVD,Senior
2011,LMIC,0.000712250712250712,39,CVD,Senior
2011,UMIC,0.0705128205128205,39,CVD,Senior
2012,HIC,0.820987654320988,27,CVD,Senior
2012,UMIC,0.179012345679012,27,CVD,Senior
2013,HIC,0.895833333333333,32,CVD,Senior
2013,UMIC,0.104166666666667,32,CVD,Senior
2014,HIC,0.875,26,CVD,Senior
2014,LMIC,0.00961538461538462,26,CVD,Senior
2014,UMIC,0.115384615384615,26,CVD,Senior
2015,HIC,0.954545454545455,22,CVD,Senior
2015,UMIC,0.0454545454545455,22,CVD,Senior
2016,HIC,0.907828282828283,33,CVD,Senior
2016,LMIC,0.00126262626262626,33,CVD,Senior
2016,UMIC,0.0909090909090909,33,CVD,Senior
2017,HIC,0.895238095238095,35,CVD,Senior
2017,UMIC,0.104761904761905,35,CVD,Senior
2018,HIC,0.952830188679245,53,CVD,Senior
2018,UMIC,0.0471698113207547,53,CVD,Senior
2019,HIC,0.939393939393939,33,CVD,Senior
2019,UMIC,0.0606060606060606,33,CVD,Senior
2020,HIC,0.941666666666667,20,CVD,Senior
2020,LMIC,0.00833333333333333,20,CVD,Senior
2020,UMIC,0.05,20,CVD,Senior
2021,HIC,0.862244897959184,49,CVD,Senior
2021,LMIC,0.0204081632653061,49,CVD,Senior
2021,UMIC,0.076530612244898,49,CVD,Senior
2021,"",0.0408163265306122,49,CVD,Senior
2007,HIC,0.993181818181818,16,Diabetes and CKD,All
2007,LIC,0.00126262626262626,16,Diabetes and CKD,All
2007,UMIC,0.00555555555555556,16,Diabetes and CKD,All
2008,HIC,0.987841945288754,7,Diabetes and CKD,All
2008,UMIC,0.0121580547112462,7,Diabetes and CKD,All
2009,HIC,0.997448979591837,7,Diabetes and CKD,All
2009,UMIC,0.00255102040816327,7,Diabetes and CKD,All
2010,HIC,0.855064229249012,9,Diabetes and CKD,All
2010,UMIC,0.144935770750988,9,Diabetes and CKD,All
2011,HIC,0.833357697443518,12,Diabetes and CKD,All
2011,LMIC,0.0211631237750641,12,Diabetes and CKD,All
2011,UMIC,0.145479178781418,12,Diabetes and CKD,All
2012,HIC,0.777377550210368,13,Diabetes and CKD,All
2012,LMIC,0.0748491704374057,13,Diabetes and CKD,All
2012,UMIC,0.147773279352227,13,Diabetes and CKD,All
2013,HIC,0.884292868626912,14,Diabetes and CKD,All
2013,LMIC,0.02781320861678,14,Diabetes and CKD,All
2013,UMIC,0.0878939227563081,14,Diabetes and CKD,All
2014,HIC,0.841115800098791,11,Diabetes and CKD,All
2014,LMIC,0.00465498357064622,11,Diabetes and CKD,All
2014,UMIC,0.154229216330563,11,Diabetes and CKD,All
2015,HIC,0.893082397828161,11,Diabetes and CKD,All
2015,LMIC,0.0109090909090909,11,Diabetes and CKD,All
2015,UMIC,0.0960085112627485,11,Diabetes and CKD,All
2016,HIC,0.980861441798942,12,Diabetes and CKD,All
2016,LIC,0.00173611111111111,12,Diabetes and CKD,All
2016,LMIC,0.00462962962962963,12,Diabetes and CKD,All
2016,UMIC,0.0127728174603175,12,Diabetes and CKD,All
2017,HIC,0.794608809993425,13,Diabetes and CKD,All
2017,LMIC,0.0209401709401709,13,Diabetes and CKD,All
2017,UMIC,0.184451019066404,13,Diabetes and CKD,All
2018,HIC,0.876799886621315,35,Diabetes and CKD,All
2018,LMIC,0.000297619047619048,35,Diabetes and CKD,All
2018,UMIC,0.122902494331066,35,Diabetes and CKD,All
2019,HIC,0.85714266335558,28,Diabetes and CKD,All
2019,LMIC,5.4608999563128e-05,28,Diabetes and CKD,All
2019,UMIC,0.142802727644857,28,Diabetes and CKD,All
2020,HIC,0.797660226215657,18,Diabetes and CKD,All
2020,LMIC,0.0174877575143533,18,Diabetes and CKD,All
2020,UMIC,0.184852016269989,18,Diabetes and CKD,All
2021,HIC,0.934428418803419,16,Diabetes and CKD,All
2021,UMIC,0.0655715811965812,16,Diabetes and CKD,All
2007,HIC,1,16,Diabetes and CKD,First
2008,HIC,1,7,Diabetes and CKD,First
2009,HIC,1,7,Diabetes and CKD,First
2010,HIC,0.888888888888889,9,Diabetes and CKD,First
2010,UMIC,0.111111111111111,9,Diabetes and CKD,First
2011,HIC,0.87202380952381,12,Diabetes and CKD,First
2011,LMIC,0.0208333333333333,12,Diabetes and CKD,First
2011,UMIC,0.107142857142857,12,Diabetes and CKD,First
2012,HIC,0.769230769230769,13,Diabetes and CKD,First
2012,LMIC,0.0769230769230769,13,Diabetes and CKD,First
2012,UMIC,0.153846153846154,13,Diabetes and CKD,First
2013,HIC,0.916666666666667,14,Diabetes and CKD,First
2013,LMIC,0.0119047619047619,14,Diabetes and CKD,First
2013,UMIC,0.0714285714285714,14,Diabetes and CKD,First
2014,HIC,0.818181818181818,11,Diabetes and CKD,First
2014,UMIC,0.181818181818182,11,Diabetes and CKD,First
2015,HIC,0.909090909090909,11,Diabetes and CKD,First
2015,UMIC,0.0909090909090909,11,Diabetes and CKD,First
2016,HIC,1,12,Diabetes and CKD,First
2017,HIC,0.83974358974359,13,Diabetes and CKD,First
2017,LMIC,0.0256410256410256,13,Diabetes and CKD,First
2017,UMIC,0.134615384615385,13,Diabetes and CKD,First
2018,HIC,0.871428571428572,35,Diabetes and CKD,First
2018,UMIC,0.128571428571429,35,Diabetes and CKD,First
2019,HIC,0.839285714285714,28,Diabetes and CKD,First
2019,UMIC,0.160714285714286,28,Diabetes and CKD,First
2020,HIC,0.833333333333333,18,Diabetes and CKD,First
2020,UMIC,0.166666666666667,18,Diabetes and CKD,First
2021,HIC,0.9375,16,Diabetes and CKD,First
2021,UMIC,0.0625,16,Diabetes and CKD,First
2007,HIC,1,16,Diabetes and CKD,Senior
2008,HIC,1,7,Diabetes and CKD,Senior
2009,HIC,1,7,Diabetes and CKD,Senior
2010,HIC,0.916666666666667,9,Diabetes and CKD,Senior
2010,UMIC,0.0833333333333333,9,Diabetes and CKD,Senior
2011,HIC,0.848958333333333,12,Diabetes and CKD,Senior
2011,UMIC,0.151041666666667,12,Diabetes and CKD,Senior
2012,HIC,0.769230769230769,13,Diabetes and CKD,Senior
2012,LMIC,0.0769230769230769,13,Diabetes and CKD,Senior
2012,UMIC,0.153846153846154,13,Diabetes and CKD,Senior
2013,HIC,0.928571428571429,14,Diabetes and CKD,Senior
2013,UMIC,0.0714285714285714,14,Diabetes and CKD,Senior
2014,HIC,0.863636363636364,11,Diabetes and CKD,Senior
2014,UMIC,0.136363636363636,11,Diabetes and CKD,Senior
2015,HIC,0.909090909090909,11,Diabetes and CKD,Senior
2015,UMIC,0.0909090909090909,11,Diabetes and CKD,Senior
2016,HIC,1,12,Diabetes and CKD,Senior
2017,HIC,0.942307692307692,13,Diabetes and CKD,Senior
2017,LMIC,0.0192307692307692,13,Diabetes and CKD,Senior
2017,UMIC,0.0384615384615385,13,Diabetes and CKD,Senior
2018,HIC,0.892857142857143,35,Diabetes and CKD,Senior
2018,UMIC,0.107142857142857,35,Diabetes and CKD,Senior
2019,HIC,0.848214285714286,28,Diabetes and CKD,Senior
2019,UMIC,0.151785714285714,28,Diabetes and CKD,Senior
2020,HIC,0.824074074074074,18,Diabetes and CKD,Senior
2020,LMIC,0.00925925925925926,18,Diabetes and CKD,Senior
2020,UMIC,0.166666666666667,18,Diabetes and CKD,Senior
2021,HIC,0.9375,16,Diabetes and CKD,Senior
2021,UMIC,0.0625,16,Diabetes and CKD,Senior
2006,HIC,1,1,Digestive diseases,All
2007,HIC,0.995454545454546,24,Digestive diseases,All
2007,LIC,0.000841750841750842,24,Digestive diseases,All
2007,UMIC,0.0037037037037037,24,Digestive diseases,All
2008,HIC,0.991659574468085,15,Digestive diseases,All
2008,UMIC,0.00834042553191489,15,Digestive diseases,All
2009,HIC,0.856813230342642,22,Digestive diseases,All
2009,LIC,0.00869809203142536,22,Digestive diseases,All
2009,LMIC,0.0126262626262626,22,Digestive diseases,All
2009,UMIC,0.12186241499967,22,Digestive diseases,All
2010,HIC,0.822444175639453,29,Digestive diseases,All
2010,UMIC,0.177555824360547,29,Digestive diseases,All
2011,HIC,0.790449775568301,34,Digestive diseases,All
2011,LMIC,0.010081566905131,34,Digestive diseases,All
2011,UMIC,0.199468657526568,34,Digestive diseases,All
2012,HIC,0.833214045856677,50,Digestive diseases,All
2012,LMIC,0.0462607843137255,50,Digestive diseases,All
2012,UMIC,0.120525169829598,50,Digestive diseases,All
2013,HIC,0.850692596004519,38,Digestive diseases,All
2013,LIC,0.00696594427244582,38,Digestive diseases,All
2013,LMIC,0.00958354833161335,38,Digestive diseases,All
2013,UMIC,0.132757911391422,38,Digestive diseases,All
2014,HIC,0.879094775289742,41,Digestive diseases,All
2014,LMIC,0.019217476365581,41,Digestive diseases,All
2014,UMIC,0.101687748344677,41,Digestive diseases,All
2015,HIC,0.85055018724305,36,Digestive diseases,All
2015,LMIC,0.00680555555555556,36,Digestive diseases,All
2015,UMIC,0.142644257201394,36,Digestive diseases,All
2016,HIC,0.804771295356962,43,Digestive diseases,All
2016,LIC,0.00983899821109124,43,Digestive diseases,All
2016,LMIC,0.00129198966408269,43,Digestive diseases,All
2016,UMIC,0.184097716767864,43,Digestive diseases,All
2017,HIC,0.802333763448485,46,Digestive diseases,All
2017,LIC,0.0105401844532279,46,Digestive diseases,All
2017,LMIC,0.0194271911663216,46,Digestive diseases,All
2017,UMIC,0.167698860931966,46,Digestive diseases,All
2018,HIC,0.874817032381328,74,Digestive diseases,All
2018,LMIC,0.00793702356202356,74,Digestive diseases,All
2018,UMIC,0.117245944056648,74,Digestive diseases,All
2019,HIC,0.829136122426403,56,Digestive diseases,All
2019,LMIC,0.0210459183673469,56,Digestive diseases,All
2019,UMIC,0.14981795920625,56,Digestive diseases,All
2020,HIC,0.656245609575077,21,Digestive diseases,All
2020,LIC,0.00529100529100529,21,Digestive diseases,All
2020,LMIC,0.0216541381055059,21,Digestive diseases,All
2020,UMIC,0.316809247028412,21,Digestive diseases,All
2021,HIC,0.891370848924438,48,Digestive diseases,All
2021,LMIC,0.010124269005848,48,Digestive diseases,All
2021,UMIC,0.098504882069714,48,Digestive diseases,All
2006,HIC,1,1,Digestive diseases,First
2007,HIC,1,24,Digestive diseases,First
2008,HIC,1,15,Digestive diseases,First
2009,HIC,0.848484848484848,22,Digestive diseases,First
2009,LIC,0.0151515151515152,22,Digestive diseases,First
2009,UMIC,0.136363636363636,22,Digestive diseases,First
2010,HIC,0.844827586206897,29,Digestive diseases,First
2010,UMIC,0.155172413793103,29,Digestive diseases,First
2011,HIC,0.807773109243698,34,Digestive diseases,First
2011,LMIC,0.00735294117647059,34,Digestive diseases,First
2011,UMIC,0.184873949579832,34,Digestive diseases,First
2012,HIC,0.819,50,Digestive diseases,First
2012,LMIC,0.04,50,Digestive diseases,First
2012,UMIC,0.141,50,Digestive diseases,First
2013,HIC,0.87719298245614,38,Digestive diseases,First
2013,LMIC,0.0043859649122807,38,Digestive diseases,First
2013,UMIC,0.118421052631579,38,Digestive diseases,First
2014,HIC,0.873983739837398,41,Digestive diseases,First
2014,LMIC,0.024390243902439,41,Digestive diseases,First
2014,UMIC,0.101626016260163,41,Digestive diseases,First
2015,HIC,0.87962962962963,36,Digestive diseases,First
2015,UMIC,0.12037037037037,36,Digestive diseases,First
2016,HIC,0.808139534883721,43,Digestive diseases,First
2016,LIC,0.00581395348837209,43,Digestive diseases,First
2016,UMIC,0.186046511627907,43,Digestive diseases,First
2017,HIC,0.818840579710145,46,Digestive diseases,First
2017,LIC,0.00543478260869565,46,Digestive diseases,First
2017,LMIC,0.0181159420289855,46,Digestive diseases,First
2017,UMIC,0.157608695652174,46,Digestive diseases,First
2018,HIC,0.885135135135135,74,Digestive diseases,First
2018,UMIC,0.114864864864865,74,Digestive diseases,First
2019,HIC,0.834821428571429,56,Digestive diseases,First
2019,LMIC,0.0178571428571429,56,Digestive diseases,First
2019,UMIC,0.147321428571429,56,Digestive diseases,First
2020,HIC,0.714285714285714,21,Digestive diseases,First
2020,UMIC,0.285714285714286,21,Digestive diseases,First
2021,HIC,0.897569444444445,48,Digestive diseases,First
2021,LMIC,0.0104166666666667,48,Digestive diseases,First
2021,UMIC,0.0920138888888889,48,Digestive diseases,First
2006,HIC,1,1,Digestive diseases,Senior
2007,HIC,1,24,Digestive diseases,Senior
2008,HIC,1,15,Digestive diseases,Senior
2009,HIC,0.931818181818182,22,Digestive diseases,Senior
2009,UMIC,0.0681818181818182,22,Digestive diseases,Senior
2010,HIC,0.844827586206897,29,Digestive diseases,Senior
2010,UMIC,0.155172413793103,29,Digestive diseases,Senior
2011,HIC,0.799632352941177,34,Digestive diseases,Senior
2011,UMIC,0.200367647058824,34,Digestive diseases,Senior
2012,HIC,0.836666666666667,50,Digestive diseases,Senior
2012,LMIC,0.04,50,Digestive diseases,Senior
2012,UMIC,0.123333333333333,50,Digestive diseases,Senior
2013,HIC,0.868421052631579,38,Digestive diseases,Senior
2013,UMIC,0.131578947368421,38,Digestive diseases,Senior
2014,HIC,0.902439024390244,41,Digestive diseases,Senior
2014,LMIC,0.024390243902439,41,Digestive diseases,Senior
2014,UMIC,0.0731707317073171,41,Digestive diseases,Senior
2015,HIC,0.861111111111111,36,Digestive diseases,Senior
2015,UMIC,0.138888888888889,36,Digestive diseases,Senior
2016,HIC,0.833333333333333,43,Digestive diseases,Senior
2016,LIC,0.00775193798449612,43,Digestive diseases,Senior
2016,UMIC,0.158914728682171,43,Digestive diseases,Senior
2017,HIC,0.856884057971015,46,Digestive diseases,Senior
2017,LMIC,0.0126811594202899,46,Digestive diseases,Senior
2017,UMIC,0.130434782608696,46,Digestive diseases,Senior
2018,HIC,0.890765765765766,74,Digestive diseases,Senior
2018,LMIC,0.00450450450450451,74,Digestive diseases,Senior
2018,UMIC,0.10472972972973,74,Digestive diseases,Senior
2019,HIC,0.843154761904762,56,Digestive diseases,Senior
2019,LMIC,0.0178571428571429,56,Digestive diseases,Senior
2019,UMIC,0.138988095238095,56,Digestive diseases,Senior
2020,HIC,0.706349206349206,21,Digestive diseases,Senior
2020,LMIC,0.00793650793650794,21,Digestive diseases,Senior
2020,UMIC,0.285714285714286,21,Digestive diseases,Senior
2021,HIC,0.911458333333333,48,Digestive diseases,Senior
2021,UMIC,0.0885416666666667,48,Digestive diseases,Senior
2007,HIC,1,2,Chronic respiratory disease,All
2008,HIC,0.993537056550755,9,Chronic respiratory disease,All
2008,UMIC,0.00646294344924482,9,Chronic respiratory disease,All
2009,HIC,0.865127995642702,12,Chronic respiratory disease,All
2009,UMIC,0.134872004357299,12,Chronic respiratory disease,All
2010,HIC,0.855208333333333,16,Chronic respiratory disease,All
2010,UMIC,0.144791666666667,16,Chronic respiratory disease,All
2011,HIC,0.948145520541165,22,Chronic respiratory disease,All
2011,UMIC,0.0518544794588352,22,Chronic respiratory disease,All
2012,HIC,0.840132343884591,24,Chronic respiratory disease,All
2012,UMIC,0.159867656115409,24,Chronic respiratory disease,All
2013,HIC,0.848030360351567,22,Chronic respiratory disease,All
2013,UMIC,0.151969639648433,22,Chronic respiratory disease,All
2014,HIC,0.768566313183015,18,Chronic respiratory disease,All
2014,UMIC,0.231433686816985,18,Chronic respiratory disease,All
2015,HIC,0.854978491741575,23,Chronic respiratory disease,All
2015,LMIC,0.0197628458498024,23,Chronic respiratory disease,All
2015,UMIC,0.125258662408622,23,Chronic respiratory disease,All
2016,HIC,0.829648134838985,21,Chronic respiratory disease,All
2016,UMIC,0.170351865161014,21,Chronic respiratory disease,All
2017,HIC,0.897399274047187,15,Chronic respiratory disease,All
2017,UMIC,0.102600725952813,15,Chronic respiratory disease,All
2018,HIC,0.938566380798978,30,Chronic respiratory disease,All
2018,UMIC,0.0614336192010216,30,Chronic respiratory disease,All
2019,HIC,0.922021400420804,24,Chronic respiratory disease,All
2019,LMIC,0.00128205128205128,24,Chronic respiratory disease,All
2019,UMIC,0.0766965482971451,24,Chronic respiratory disease,All
2020,HIC,0.909090909090909,11,Chronic respiratory disease,All
2020,UMIC,0.0909090909090909,11,Chronic respiratory disease,All
2021,HIC,0.896877965665151,23,Chronic respiratory disease,All
2021,LMIC,0.0144927536231884,23,Chronic respiratory disease,All
2021,UMIC,0.0886292807116606,23,Chronic respiratory disease,All
2007,HIC,1,2,Chronic respiratory disease,First
2008,HIC,1,9,Chronic respiratory disease,First
2009,HIC,0.875,12,Chronic respiratory disease,First
2009,UMIC,0.125,12,Chronic respiratory disease,First
2010,HIC,0.875,16,Chronic respiratory disease,First
2010,UMIC,0.125,16,Chronic respiratory disease,First
2011,HIC,0.954545454545455,22,Chronic respiratory disease,First
2011,UMIC,0.0454545454545455,22,Chronic respiratory disease,First
2012,HIC,0.826388888888889,24,Chronic respiratory disease,First
2012,UMIC,0.173611111111111,24,Chronic respiratory disease,First
2013,HIC,0.886363636363636,22,Chronic respiratory disease,First
2013,UMIC,0.113636363636364,22,Chronic respiratory disease,First
2014,HIC,0.777777777777778,18,Chronic respiratory disease,First
2014,UMIC,0.222222222222222,18,Chronic respiratory disease,First
2015,HIC,0.898550724637681,23,Chronic respiratory disease,First
2015,UMIC,0.101449275362319,23,Chronic respiratory disease,First
2016,HIC,0.835497835497836,21,Chronic respiratory disease,First
2016,UMIC,0.164502164502165,21,Chronic respiratory disease,First
2017,HIC,0.933333333333333,15,Chronic respiratory disease,First
2017,UMIC,0.0666666666666667,15,Chronic respiratory disease,First
2018,HIC,0.966666666666667,30,Chronic respiratory disease,First
2018,UMIC,0.0333333333333333,30,Chronic respiratory disease,First
2019,HIC,0.90625,24,Chronic respiratory disease,First
2019,UMIC,0.09375,24,Chronic respiratory disease,First
2020,HIC,0.909090909090909,11,Chronic respiratory disease,First
2020,UMIC,0.0909090909090909,11,Chronic respiratory disease,First
2021,HIC,0.869565217391304,23,Chronic respiratory disease,First
2021,LMIC,0.0217391304347826,23,Chronic respiratory disease,First
2021,UMIC,0.108695652173913,23,Chronic respiratory disease,First
2007,HIC,1,2,Chronic respiratory disease,Senior
2008,HIC,1,9,Chronic respiratory disease,Senior
2009,HIC,0.958333333333333,12,Chronic respiratory disease,Senior
2009,UMIC,0.0416666666666667,12,Chronic respiratory disease,Senior
2010,HIC,0.859375,16,Chronic respiratory disease,Senior
2010,UMIC,0.140625,16,Chronic respiratory disease,Senior
2011,HIC,0.954545454545455,22,Chronic respiratory disease,Senior
2011,UMIC,0.0454545454545455,22,Chronic respiratory disease,Senior
2012,HIC,0.833333333333333,24,Chronic respiratory disease,Senior
2012,UMIC,0.166666666666667,24,Chronic respiratory disease,Senior
2013,HIC,0.840909090909091,22,Chronic respiratory disease,Senior
2013,UMIC,0.159090909090909,22,Chronic respiratory disease,Senior
2014,HIC,0.777777777777778,18,Chronic respiratory disease,Senior
2014,UMIC,0.222222222222222,18,Chronic respiratory disease,Senior
2015,HIC,0.884057971014493,23,Chronic respiratory disease,Senior
2015,UMIC,0.115942028985507,23,Chronic respiratory disease,Senior
2016,HIC,0.884126984126984,21,Chronic respiratory disease,Senior
2016,UMIC,0.115873015873016,21,Chronic respiratory disease,Senior
2017,HIC,0.933333333333333,15,Chronic respiratory disease,Senior
2017,UMIC,0.0666666666666667,15,Chronic respiratory disease,Senior
2018,HIC,0.966666666666667,30,Chronic respiratory disease,Senior
2018,UMIC,0.0333333333333333,30,Chronic respiratory disease,Senior
2019,HIC,0.922619047619048,24,Chronic respiratory disease,Senior
2019,UMIC,0.0773809523809524,24,Chronic respiratory disease,Senior
2020,HIC,0.909090909090909,11,Chronic respiratory disease,Senior
2020,UMIC,0.0909090909090909,11,Chronic respiratory disease,Senior
2021,HIC,0.905797101449275,23,Chronic respiratory disease,Senior
2021,UMIC,0.0942028985507246,23,Chronic respiratory disease,Senior
2007,HIC,1,1,Skin disease,All
2008,HIC,1,7,Skin disease,All
2009,HIC,0.854339414040907,9,Skin disease,All
2009,UMIC,0.145660585959093,9,Skin disease,All
2010,HIC,0.874692874692875,11,Skin disease,All
2010,LIC,0.00245700245700246,11,Skin disease,All
2010,UMIC,0.122850122850123,11,Skin disease,All
2011,HIC,0.942262372348782,17,Skin disease,All
2011,UMIC,0.0577376276512176,17,Skin disease,All
2012,HIC,0.700178062678063,12,Skin disease,All
2012,LIC,0.0194444444444444,12,Skin disease,All
2012,UMIC,0.280377492877493,12,Skin disease,All
2013,HIC,0.839407703886536,16,Skin disease,All
2013,UMIC,0.160592296113464,16,Skin disease,All
2014,HIC,0.581450607918981,11,Skin disease,All
2014,LMIC,0.000307125307125307,11,Skin disease,All
2014,UMIC,0.418242266773893,11,Skin disease,All
2015,HIC,0.911681337167999,19,Skin disease,All
2015,LMIC,0.0075187969924812,19,Skin disease,All
2015,UMIC,0.0807998658395198,19,Skin disease,All
2016,HIC,0.895193236714976,15,Skin disease,All
2016,UMIC,0.104806763285024,15,Skin disease,All
2017,HIC,0.934727370560374,19,Skin disease,All
2017,LIC,0.0087719298245614,19,Skin disease,All
2017,UMIC,0.0565006996150645,19,Skin disease,All
2018,HIC,0.781228956228956,21,Skin disease,All
2018,LIC,0.00264550264550265,21,Skin disease,All
2018,UMIC,0.216125541125541,21,Skin disease,All
2019,HIC,0.832011472000953,8,Skin disease,All
2019,LMIC,0.0535714285714286,8,Skin disease,All
2019,UMIC,0.114417099427618,8,Skin disease,All
2020,HIC,0.96875,2,Skin disease,All
2020,UMIC,0.03125,2,Skin disease,All
2021,HIC,0.859916822193037,17,Skin disease,All
2021,LMIC,0.0493306605838575,17,Skin disease,All
2021,UMIC,0.0907525172231055,17,Skin disease,All
2007,HIC,1,1,Skin disease,First
2008,HIC,1,7,Skin disease,First
2009,HIC,0.888888888888889,9,Skin disease,First
2009,UMIC,0.111111111111111,9,Skin disease,First
2010,HIC,0.909090909090909,11,Skin disease,First
2010,UMIC,0.0909090909090909,11,Skin disease,First
2011,HIC,0.941176470588235,17,Skin disease,First
2011,UMIC,0.0588235294117647,17,Skin disease,First
2012,HIC,0.659722222222222,12,Skin disease,First
2012,LIC,0.0277777777777778,12,Skin disease,First
2012,UMIC,0.3125,12,Skin disease,First
2013,HIC,0.90625,16,Skin disease,First
2013,UMIC,0.09375,16,Skin disease,First
2014,HIC,0.507575757575758,11,Skin disease,First
2014,UMIC,0.492424242424242,11,Skin disease,First
2015,HIC,0.921052631578947,19,Skin disease,First
2015,UMIC,0.0789473684210526,19,Skin disease,First
2016,HIC,0.873333333333333,15,Skin disease,First
2016,UMIC,0.126666666666667,15,Skin disease,First
2017,HIC,0.973684210526316,19,Skin disease,First
2017,UMIC,0.0263157894736842,19,Skin disease,First
2018,HIC,0.785714285714286,21,Skin disease,First
2018,LIC,0.0238095238095238,21,Skin disease,First
2018,UMIC,0.19047619047619,21,Skin disease,First
2019,HIC,0.875,8,Skin disease,First
2019,UMIC,0.125,8,Skin disease,First
2020,HIC,1,2,Skin disease,First
2021,HIC,0.911764705882353,17,Skin disease,First
2021,LMIC,0.0294117647058824,17,Skin disease,First
2021,UMIC,0.0588235294117647,17,Skin disease,First
2007,HIC,1,1,Skin disease,Senior
2008,HIC,1,7,Skin disease,Senior
2009,HIC,0.944444444444444,9,Skin disease,Senior
2009,UMIC,0.0555555555555556,9,Skin disease,Senior
2010,HIC,0.818181818181818,11,Skin disease,Senior
2010,UMIC,0.181818181818182,11,Skin disease,Senior
2011,HIC,0.941176470588235,17,Skin disease,Senior
2011,UMIC,0.0588235294117647,17,Skin disease,Senior
2012,HIC,0.763888888888889,12,Skin disease,Senior
2012,UMIC,0.236111111111111,12,Skin disease,Senior
2013,HIC,0.791666666666667,16,Skin disease,Senior
2013,UMIC,0.208333333333333,16,Skin disease,Senior
2014,HIC,0.568181818181818,11,Skin disease,Senior
2014,UMIC,0.431818181818182,11,Skin disease,Senior
2015,HIC,0.93421052631579,19,Skin disease,Senior
2015,UMIC,0.0657894736842105,19,Skin disease,Senior
2016,HIC,0.863888888888889,15,Skin disease,Senior
2016,UMIC,0.136111111111111,15,Skin disease,Senior
2017,HIC,0.973684210526316,19,Skin disease,Senior
2017,UMIC,0.0263157894736842,19,Skin disease,Senior
2018,HIC,0.80952380952381,21,Skin disease,Senior
2018,UMIC,0.19047619047619,21,Skin disease,Senior
2019,HIC,0.892857142857143,8,Skin disease,Senior
2019,UMIC,0.107142857142857,8,Skin disease,Senior
2020,HIC,1,2,Skin disease,Senior
2021,HIC,0.941176470588235,17,Skin disease,Senior
2021,UMIC,0.0588235294117647,17,Skin disease,Senior
2005,HIC,1,1,Neurological disorders,All
2006,HIC,0.975,1,Neurological disorders,All
2006,UMIC,0.025,1,Neurological disorders,All
2007,HIC,1,4,Neurological disorders,All
2008,HIC,1,7,Neurological disorders,All
2009,HIC,0.972222222222222,12,Neurological disorders,All
2009,UMIC,0.0277777777777778,12,Neurological disorders,All
2010,HIC,0.980127186009539,22,Neurological disorders,All
2010,LIC,0.00122850122850123,22,Neurological disorders,All
2010,UMIC,0.0186443127619598,22,Neurological disorders,All
2011,HIC,0.946415813288878,19,Neurological disorders,All
2011,UMIC,0.0535841867111217,19,Neurological disorders,All
2012,HIC,0.95426264911559,17,Neurological disorders,All
2012,UMIC,0.0457373508844097,17,Neurological disorders,All
2013,HIC,0.954166666666667,20,Neurological disorders,All
2013,UMIC,0.0458333333333333,20,Neurological disorders,All
2014,HIC,1,10,Neurological disorders,All
2015,HIC,0.918650793650794,14,Neurological disorders,All
2015,UMIC,0.0813492063492063,14,Neurological disorders,All
2016,HIC,0.970238095238095,13,Neurological disorders,All
2016,UMIC,0.0297619047619048,13,Neurological disorders,All
2017,HIC,0.857692307692308,13,Neurological disorders,All
2017,UMIC,0.142307692307692,13,Neurological disorders,All
2018,HIC,0.996503496503496,13,Neurological disorders,All
2018,UMIC,0.0034965034965035,13,Neurological disorders,All
2019,HIC,0.994117647058823,17,Neurological disorders,All
2019,UMIC,0.00588235294117647,17,Neurological disorders,All
2020,HIC,0.790914351851852,6,Neurological disorders,All
2020,UMIC,0.209085648148148,6,Neurological disorders,All
2021,HIC,0.838315719565719,30,Neurological disorders,All
2021,LMIC,0.000900900900900901,30,Neurological disorders,All
2021,UMIC,0.16078337953338,30,Neurological disorders,All
2005,HIC,1,1,Neurological disorders,First
2006,HIC,0.5,1,Neurological disorders,First
2006,UMIC,0.5,1,Neurological disorders,First
2007,HIC,1,4,Neurological disorders,First
2008,HIC,1,7,Neurological disorders,First
2009,HIC,1,12,Neurological disorders,First
2010,HIC,1,22,Neurological disorders,First
2011,HIC,0.947368421052632,19,Neurological disorders,First
2011,UMIC,0.0526315789473684,19,Neurological disorders,First
2012,HIC,0.941176470588235,17,Neurological disorders,First
2012,UMIC,0.0588235294117647,17,Neurological disorders,First
2013,HIC,1,20,Neurological disorders,First
2014,HIC,1,10,Neurological disorders,First
2015,HIC,0.928571428571429,14,Neurological disorders,First
2015,UMIC,0.0714285714285714,14,Neurological disorders,First
2016,HIC,1,13,Neurological disorders,First
2017,HIC,0.846153846153846,13,Neurological disorders,First
2017,UMIC,0.153846153846154,13,Neurological disorders,First
2018,HIC,1,13,Neurological disorders,First
2019,HIC,1,17,Neurological disorders,First
2020,HIC,0.861111111111111,6,Neurological disorders,First
2020,UMIC,0.138888888888889,6,Neurological disorders,First
2021,HIC,0.85,30,Neurological disorders,First
2021,UMIC,0.15,30,Neurological disorders,First
2005,HIC,1,1,Neurological disorders,Senior
2006,HIC,1,1,Neurological disorders,Senior
2007,HIC,1,4,Neurological disorders,Senior
2008,HIC,1,7,Neurological disorders,Senior
2009,HIC,1,12,Neurological disorders,Senior
2010,HIC,0.909090909090909,22,Neurological disorders,Senior
2010,UMIC,0.0909090909090909,22,Neurological disorders,Senior
2011,HIC,0.947368421052632,19,Neurological disorders,Senior
2011,UMIC,0.0526315789473684,19,Neurological disorders,Senior
2012,HIC,0.941176470588235,17,Neurological disorders,Senior
2012,UMIC,0.0588235294117647,17,Neurological disorders,Senior
2013,HIC,0.983333333333333,20,Neurological disorders,Senior
2013,UMIC,0.0166666666666667,20,Neurological disorders,Senior
2014,HIC,1,10,Neurological disorders,Senior
2015,HIC,0.928571428571429,14,Neurological disorders,Senior
2015,UMIC,0.0714285714285714,14,Neurological disorders,Senior
2016,HIC,1,13,Neurological disorders,Senior
2017,HIC,0.884615384615385,13,Neurological disorders,Senior
2017,UMIC,0.115384615384615,13,Neurological disorders,Senior
2018,HIC,1,13,Neurological disorders,Senior
2019,HIC,1,17,Neurological disorders,Senior
2020,HIC,0.888888888888889,6,Neurological disorders,Senior
2020,UMIC,0.111111111111111,6,Neurological disorders,Senior
2021,HIC,0.9,30,Neurological disorders,Senior
2021,UMIC,0.1,30,Neurological disorders,Senior
2006,HIC,1,1,Mental disorders,All
2007,HIC,0.997979797979798,10,Mental disorders,All
2007,LIC,0.00202020202020202,10,Mental disorders,All
2008,HIC,0.983439909297052,25,Mental disorders,All
2008,UMIC,0.0165600907029478,25,Mental disorders,All
2009,HIC,0.997781810848961,19,Mental disorders,All
2009,UMIC,0.00221818915103852,19,Mental disorders,All
2010,HIC,0.964470510426393,36,Mental disorders,All
2010,UMIC,0.0355294895736072,36,Mental disorders,All
2011,HIC,0.919411796305249,42,Mental disorders,All
2011,UMIC,0.0805882036947505,42,Mental disorders,All
2012,HIC,0.938618668811398,32,Mental disorders,All
2012,UMIC,0.0613813311886019,32,Mental disorders,All
2013,HIC,0.907956650373038,39,Mental disorders,All
2013,UMIC,0.0920433496269617,39,Mental disorders,All
2014,HIC,0.953721381025528,28,Mental disorders,All
2014,UMIC,0.0462786189744715,28,Mental disorders,All
2015,HIC,0.942143326758711,26,Mental disorders,All
2015,UMIC,0.0578566732412886,26,Mental disorders,All
2016,HIC,0.936334270465118,23,Mental disorders,All
2016,UMIC,0.0636657295348823,23,Mental disorders,All
2017,HIC,0.875264943272159,31,Mental disorders,All
2017,UMIC,0.124735056727841,31,Mental disorders,All
2018,HIC,0.975827016260074,49,Mental disorders,All
2018,UMIC,0.0241729837399265,49,Mental disorders,All
2019,HIC,0.928008592166068,47,Mental disorders,All
2019,LMIC,0.0061770761839396,47,Mental disorders,All
2019,UMIC,0.0658143316499928,47,Mental disorders,All
2020,HIC,0.778980674841609,38,Mental disorders,All
2020,UMIC,0.221019325158391,38,Mental disorders,All
2021,HIC,0.768646228424712,45,Mental disorders,All
2021,UMIC,0.231353771575288,45,Mental disorders,All
2006,HIC,1,1,Mental disorders,First
2007,HIC,1,10,Mental disorders,First
2008,HIC,1,25,Mental disorders,First
2009,HIC,1,19,Mental disorders,First
2010,HIC,0.967592592592593,36,Mental disorders,First
2010,UMIC,0.0324074074074074,36,Mental disorders,First
2011,HIC,0.928571428571429,42,Mental disorders,First
2011,UMIC,0.0714285714285714,42,Mental disorders,First
2012,HIC,0.95703125,32,Mental disorders,First
2012,UMIC,0.04296875,32,Mental disorders,First
2013,HIC,0.91025641025641,39,Mental disorders,First
2013,UMIC,0.0897435897435897,39,Mental disorders,First
2014,HIC,0.964285714285714,28,Mental disorders,First
2014,UMIC,0.0357142857142857,28,Mental disorders,First
2015,HIC,0.923076923076923,26,Mental disorders,First
2015,UMIC,0.0769230769230769,26,Mental disorders,First
2016,HIC,0.909420289855072,23,Mental disorders,First
2016,UMIC,0.0905797101449275,23,Mental disorders,First
2017,HIC,0.876344086021505,31,Mental disorders,First
2017,UMIC,0.123655913978495,31,Mental disorders,First
2018,HIC,0.948979591836735,49,Mental disorders,First
2018,UMIC,0.0510204081632653,49,Mental disorders,First
2019,HIC,0.930851063829787,47,Mental disorders,First
2019,UMIC,0.0691489361702128,47,Mental disorders,First
2020,HIC,0.808479532163743,38,Mental disorders,First
2020,UMIC,0.191520467836257,38,Mental disorders,First
2021,HIC,0.761111111111111,45,Mental disorders,First
2021,UMIC,0.238888888888889,45,Mental disorders,First
2006,HIC,1,1,Mental disorders,Senior
2007,HIC,1,10,Mental disorders,Senior
2008,HIC,1,25,Mental disorders,Senior
2009,HIC,0.982456140350877,19,Mental disorders,Senior
2009,UMIC,0.0175438596491228,19,Mental disorders,Senior
2010,HIC,0.944444444444444,36,Mental disorders,Senior
2010,UMIC,0.0555555555555556,36,Mental disorders,Senior
2011,HIC,0.944444444444444,42,Mental disorders,Senior
2011,UMIC,0.0555555555555555,42,Mental disorders,Senior
2012,HIC,0.9765625,32,Mental disorders,Senior
2012,UMIC,0.0234375,32,Mental disorders,Senior
2013,HIC,0.935897435897436,39,Mental disorders,Senior
2013,UMIC,0.0641025641025641,39,Mental disorders,Senior
2014,HIC,0.964285714285714,28,Mental disorders,Senior
2014,UMIC,0.0357142857142857,28,Mental disorders,Senior
2015,HIC,0.942307692307692,26,Mental disorders,Senior
2015,UMIC,0.0576923076923077,26,Mental disorders,Senior
2016,HIC,0.920289855072464,23,Mental disorders,Senior
2016,UMIC,0.0797101449275362,23,Mental disorders,Senior
2017,HIC,0.881720430107527,31,Mental disorders,Senior
2017,UMIC,0.118279569892473,31,Mental disorders,Senior
2018,HIC,0.959183673469388,49,Mental disorders,Senior
2018,UMIC,0.0408163265306122,49,Mental disorders,Senior
2019,HIC,0.92080378250591,47,Mental disorders,Senior
2019,UMIC,0.0791962174940898,47,Mental disorders,Senior
2020,HIC,0.776315789473684,38,Mental disorders,Senior
2020,UMIC,0.223684210526316,38,Mental disorders,Senior
2021,HIC,0.785185185185185,45,Mental disorders,Senior
2021,UMIC,0.214814814814815,45,Mental disorders,Senior
2007,HIC,0.993265993265993,3,Musculoskeletal disorders,All
2007,LIC,0.00673400673400673,3,Musculoskeletal disorders,All
2008,HIC,1,3,Musculoskeletal disorders,All
2009,HIC,1,2,Musculoskeletal disorders,All
2010,HIC,0.99378368979308,9,Musculoskeletal disorders,All
2010,UMIC,0.00621631020692054,9,Musculoskeletal disorders,All
2011,HIC,0.865139604228788,7,Musculoskeletal disorders,All
2011,UMIC,0.134860395771212,7,Musculoskeletal disorders,All
2012,HIC,1,7,Musculoskeletal disorders,All
2013,HIC,0.834739563841731,7,Musculoskeletal disorders,All
2013,LMIC,0.130252100840336,7,Musculoskeletal disorders,All
2013,UMIC,0.0350083353179328,7,Musculoskeletal disorders,All
2014,HIC,0.888888888888889,6,Musculoskeletal disorders,All
2014,UMIC,0.111111111111111,6,Musculoskeletal disorders,All
2015,HIC,1,5,Musculoskeletal disorders,All
2016,HIC,1,6,Musculoskeletal disorders,All
2017,HIC,0.974074074074074,9,Musculoskeletal disorders,All
2017,LIC,0.00555555555555556,9,Musculoskeletal disorders,All
2017,UMIC,0.0203703703703704,9,Musculoskeletal disorders,All
2018,HIC,0.99647473560517,10,Musculoskeletal disorders,All
2018,UMIC,0.00352526439482961,10,Musculoskeletal disorders,All
2019,HIC,0.716666666666667,6,Musculoskeletal disorders,All
2019,LMIC,0.166666666666667,6,Musculoskeletal disorders,All
2019,UMIC,0.116666666666667,6,Musculoskeletal disorders,All
2020,HIC,0.967741935483871,2,Musculoskeletal disorders,All
2020,UMIC,0.032258064516129,2,Musculoskeletal disorders,All
2021,HIC,0.817183217372971,9,Musculoskeletal disorders,All
2021,UMIC,0.182816782627029,9,Musculoskeletal disorders,All
2007,HIC,1,3,Musculoskeletal disorders,First
2008,HIC,1,3,Musculoskeletal disorders,First
2009,HIC,1,2,Musculoskeletal disorders,First
2010,HIC,1,9,Musculoskeletal disorders,First
2011,HIC,0.857142857142857,7,Musculoskeletal disorders,First
2011,UMIC,0.142857142857143,7,Musculoskeletal disorders,First
2012,HIC,1,7,Musculoskeletal disorders,First
2013,HIC,0.857142857142857,7,Musculoskeletal disorders,First
2013,LMIC,0.142857142857143,7,Musculoskeletal disorders,First
2014,HIC,0.833333333333333,6,Musculoskeletal disorders,First
2014,UMIC,0.166666666666667,6,Musculoskeletal disorders,First
2015,HIC,1,5,Musculoskeletal disorders,First
2016,HIC,1,6,Musculoskeletal disorders,First
2017,HIC,1,9,Musculoskeletal disorders,First
2018,HIC,1,10,Musculoskeletal disorders,First
2019,HIC,0.833333333333333,6,Musculoskeletal disorders,First
2019,LMIC,0.166666666666667,6,Musculoskeletal disorders,First
2020,HIC,0.75,2,Musculoskeletal disorders,First
2020,UMIC,0.25,2,Musculoskeletal disorders,First
2021,HIC,0.833333333333333,9,Musculoskeletal disorders,First
2021,UMIC,0.166666666666667,9,Musculoskeletal disorders,First
2007,HIC,1,3,Musculoskeletal disorders,Senior
2008,HIC,1,3,Musculoskeletal disorders,Senior
2009,HIC,1,2,Musculoskeletal disorders,Senior
2010,HIC,1,9,Musculoskeletal disorders,Senior
2011,HIC,0.892857142857143,7,Musculoskeletal disorders,Senior
2011,UMIC,0.107142857142857,7,Musculoskeletal disorders,Senior
2012,HIC,1,7,Musculoskeletal disorders,Senior
2013,HIC,0.857142857142857,7,Musculoskeletal disorders,Senior
2013,LMIC,0.142857142857143,7,Musculoskeletal disorders,Senior
2014,HIC,0.833333333333333,6,Musculoskeletal disorders,Senior
2014,UMIC,0.166666666666667,6,Musculoskeletal disorders,Senior
2015,HIC,1,5,Musculoskeletal disorders,Senior
2016,HIC,1,6,Musculoskeletal disorders,Senior
2017,HIC,1,9,Musculoskeletal disorders,Senior
2018,HIC,0.95,10,Musculoskeletal disorders,Senior
2018,UMIC,0.05,10,Musculoskeletal disorders,Senior
2019,HIC,0.75,6,Musculoskeletal disorders,Senior
2019,LMIC,0.166666666666667,6,Musculoskeletal disorders,Senior
2019,UMIC,0.0833333333333333,6,Musculoskeletal disorders,Senior
2020,HIC,0.75,2,Musculoskeletal disorders,Senior
2020,UMIC,0.25,2,Musculoskeletal disorders,Senior
2021,HIC,1,9,Musculoskeletal disorders,Senior
2006,HIC,1,1,Substance use,All
2007,HIC,1,1,Substance use,All
2008,HIC,1,4,Substance use,All
2009,HIC,1,1,Substance use,All
2010,HIC,0.982142857142857,4,Substance use,All
2010,UMIC,0.0178571428571429,4,Substance use,All
2011,HIC,0.989814814814815,9,Substance use,All
2011,UMIC,0.0101851851851852,9,Substance use,All
2012,HIC,0.955555555555556,6,Substance use,All
2012,UMIC,0.0444444444444444,6,Substance use,All
2013,HIC,0.979166666666667,6,Substance use,All
2013,UMIC,0.0208333333333333,6,Substance use,All
2014,HIC,1,1,Substance use,All
2015,HIC,1,4,Substance use,All
2016,HIC,0.871794871794872,3,Substance use,All
2016,UMIC,0.128205128205128,3,Substance use,All
2017,HIC,1,6,Substance use,All
2018,HIC,0.833333333333333,6,Substance use,All
2018,UMIC,0.166666666666667,6,Substance use,All
2019,HIC,1,2,Substance use,All
2020,HIC,1,1,Substance use,All
2021,HIC,0.8,5,Substance use,All
2021,UMIC,0.2,5,Substance use,All
2006,HIC,1,1,Substance use,First
2007,HIC,1,1,Substance use,First
2008,HIC,1,4,Substance use,First
2009,HIC,1,1,Substance use,First
2010,HIC,1,4,Substance use,First
2011,HIC,1,9,Substance use,First
2012,HIC,1,6,Substance use,First
2013,HIC,1,6,Substance use,First
2014,HIC,1,1,Substance use,First
2015,HIC,1,4,Substance use,First
2016,HIC,1,3,Substance use,First
2017,HIC,1,6,Substance use,First
2018,HIC,0.666666666666667,6,Substance use,First
2018,UMIC,0.333333333333333,6,Substance use,First
2019,HIC,1,2,Substance use,First
2020,HIC,1,1,Substance use,First
2021,HIC,0.8,5,Substance use,First
2021,UMIC,0.2,5,Substance use,First
2006,HIC,1,1,Substance use,Senior
2007,HIC,1,1,Substance use,Senior
2008,HIC,1,4,Substance use,Senior
2009,HIC,1,1,Substance use,Senior
2010,HIC,1,4,Substance use,Senior
2011,HIC,1,9,Substance use,Senior
2012,HIC,1,6,Substance use,Senior
2013,HIC,1,6,Substance use,Senior
2014,HIC,1,1,Substance use,Senior
2015,HIC,1,4,Substance use,Senior
2016,HIC,0.833333333333333,3,Substance use,Senior
2016,UMIC,0.166666666666667,3,Substance use,Senior
2017,HIC,1,6,Substance use,Senior
2018,HIC,0.833333333333333,6,Substance use,Senior
2018,UMIC,0.166666666666667,6,Substance use,Senior
2019,HIC,1,2,Substance use,Senior
2020,HIC,1,1,Substance use,Senior
2021,HIC,0.8,5,Substance use,Senior
2021,UMIC,0.2,5,Substance use,Senior
2007,HIC,0.992287581699346,12,Cancer,All
2007,UMIC,0.0077124183006536,12,Cancer,All
2008,HIC,0.994546306053156,18,Cancer,All
2008,UMIC,0.00545369394684463,18,Cancer,All
2009,HIC,0.980964254513687,24,Cancer,All
2009,UMIC,0.0190357454863133,24,Cancer,All
2010,HIC,0.87767662251006,37,Cancer,All
2010,UMIC,0.12232337748994,37,Cancer,All
2011,HIC,0.864081304853915,41,Cancer,All
2011,LIC,0.0003933910306845,41,Cancer,All
2011,LMIC,0.0018220216158019,41,Cancer,All
2011,UMIC,0.133703282499598,41,Cancer,All
2012,HIC,0.837057169716158,45,Cancer,All
2012,LMIC,0.000419287211740042,45,Cancer,All
2012,UMIC,0.162523543072103,45,Cancer,All
2013,HIC,0.885426865043489,46,Cancer,All
2013,LMIC,0.0033816425120773,46,Cancer,All
2013,UMIC,0.111191492444434,46,Cancer,All
2014,HIC,0.860772954490002,40,Cancer,All
2014,LMIC,0.000846654581410679,40,Cancer,All
2014,UMIC,0.138380390928588,40,Cancer,All
2015,HIC,0.83774546943143,46,Cancer,All
2015,UMIC,0.16225453056857,46,Cancer,All
2016,HIC,0.874068136788837,46,Cancer,All
2016,LMIC,0.00138760407030527,46,Cancer,All
2016,UMIC,0.124544259140858,46,Cancer,All
2017,HIC,0.86705745097791,48,Cancer,All
2017,LIC,0.000473484848484849,48,Cancer,All
2017,LMIC,0.00118371212121212,48,Cancer,All
2017,UMIC,0.131285352052394,48,Cancer,All
2018,HIC,0.914363920323213,59,Cancer,All
2018,LIC,0.0132645541635962,59,Cancer,All
2018,UMIC,0.0723715255131907,59,Cancer,All
2019,HIC,0.847508464495897,34,Cancer,All
2019,LMIC,0.0294117647058824,34,Cancer,All
2019,UMIC,0.12307977079822,34,Cancer,All
2020,HIC,0.752851683436533,16,Cancer,All
2020,LMIC,0.000114889705882353,16,Cancer,All
2020,UMIC,0.247033426857585,16,Cancer,All
2021,HIC,0.81136942279212,32,Cancer,All
2021,LIC,0.000270562770562771,32,Cancer,All
2021,LMIC,0.0143330627705628,32,Cancer,All
2021,UMIC,0.174026951666754,32,Cancer,All
2007,HIC,1,12,Cancer,First
2008,HIC,1,18,Cancer,First
2009,HIC,1,24,Cancer,First
2010,HIC,0.901544401544401,37,Cancer,First
2010,UMIC,0.0984555984555985,37,Cancer,First
2011,HIC,0.878048780487805,41,Cancer,First
2011,UMIC,0.121951219512195,41,Cancer,First
2012,HIC,0.83962962962963,45,Cancer,First
2012,UMIC,0.16037037037037,45,Cancer,First
2013,HIC,0.904891304347826,46,Cancer,First
2013,UMIC,0.0951086956521739,46,Cancer,First
2014,HIC,0.864583333333333,40,Cancer,First
2014,UMIC,0.135416666666667,40,Cancer,First
2015,HIC,0.855072463768116,46,Cancer,First
2015,UMIC,0.144927536231884,46,Cancer,First
2016,HIC,0.894466403162056,46,Cancer,First
2016,UMIC,0.105533596837945,46,Cancer,First
2017,HIC,0.864583333333333,48,Cancer,First
2017,UMIC,0.135416666666667,48,Cancer,First
2018,HIC,0.936440677966102,59,Cancer,First
2018,UMIC,0.0635593220338983,59,Cancer,First
2019,HIC,0.838235294117647,34,Cancer,First
2019,LMIC,0.0294117647058824,34,Cancer,First
2019,UMIC,0.132352941176471,34,Cancer,First
2020,HIC,0.7578125,16,Cancer,First
2020,UMIC,0.2421875,16,Cancer,First
2021,HIC,0.791666666666667,32,Cancer,First
2021,LMIC,0.015625,32,Cancer,First
2021,UMIC,0.192708333333333,32,Cancer,First
2007,HIC,1,12,Cancer,Senior
2008,HIC,1,18,Cancer,Senior
2009,HIC,1,24,Cancer,Senior
2010,HIC,0.900900900900901,37,Cancer,Senior
2010,UMIC,0.0990990990990991,37,Cancer,Senior
2011,HIC,0.878048780487805,41,Cancer,Senior
2011,UMIC,0.121951219512195,41,Cancer,Senior
2012,HIC,0.862962962962963,45,Cancer,Senior
2012,UMIC,0.137037037037037,45,Cancer,Senior
2013,HIC,0.883152173913043,46,Cancer,Senior
2013,UMIC,0.116847826086957,46,Cancer,Senior
2014,HIC,0.884375,40,Cancer,Senior
2014,UMIC,0.115625,40,Cancer,Senior
2015,HIC,0.847826086956522,46,Cancer,Senior
2015,UMIC,0.152173913043478,46,Cancer,Senior
2016,HIC,0.899094202898551,46,Cancer,Senior
2016,UMIC,0.100905797101449,46,Cancer,Senior
2017,HIC,0.875,48,Cancer,Senior
2017,UMIC,0.125,48,Cancer,Senior
2018,HIC,0.915254237288136,59,Cancer,Senior
2018,LIC,0.0169491525423729,59,Cancer,Senior
2018,UMIC,0.0677966101694915,59,Cancer,Senior
2019,HIC,0.864495798319328,34,Cancer,Senior
2019,LMIC,0.0294117647058824,34,Cancer,Senior
2019,UMIC,0.10609243697479,34,Cancer,Senior
2020,HIC,0.75,16,Cancer,Senior
2020,UMIC,0.25,16,Cancer,Senior
2021,HIC,0.822916666666667,32,Cancer,Senior
2021,UMIC,0.177083333333333,32,Cancer,Senior
